{
	"configuration.suggest.basic": "設定是否啟用內建 PHP 語言建議。此支援會建議 PHP 全域和變數。",
	"configuration.validate.enable": "啟用/停用內建 PHP 驗證。",
	"configuration.validate.executablePath": "指向 PHP 可執行檔。",
	"configuration.validate.run": "是否在儲存或輸入時執行 linter。",
	"configuration.title": "PHP",
	"commands.categroy.php": "PHP",
	"command.untrustValidationExecutable": "禁止 PHP 驗證可執行檔 (定義為工作區設定)",
	"displayName": "PHP 語言功能",
	"description": "為 PHP 檔案提供 IntelliSense、Lint 支援及語言基礎知識。"
}