{
	"configuration.suggest.basic": "Konfiguriert, ob die integrierten PHP-Sprachvorschläge aktiviert sind. Die Unterstützung schlägt globale und variable PHP-Elemente vor.",
	"configuration.validate.enable": "Integrierte PHP-Überprüfung aktivieren/deaktivieren.",
	"configuration.validate.executablePath": "Zeigt auf die ausführbare PHP-Datei.",
	"configuration.validate.run": "Gibt an, ob der Linter beim Speichern oder bei der Eingabe ausgeführt wird.",
	"configuration.title": "PHP",
	"commands.categroy.php": "PHP",
	"command.untrustValidationExecutable": "Ausführbare Datei für PHP-Überprüfung nicht zulassen (als Arbeitsbereicheinstellung definiert)",
	"displayName": "PHP-Sprachfeatures",
	"description": "Bietet IntelliSense, Bereinigen und Sprachgrundlagen für PHP-Dateien."
}