{
	"configuration.suggest.basic": "기본 제공 PHP 언어 제안을 사용하는지 여부를 구성합니다. 지원에서는 PHP 전역 및 변수를 제안합니다.",
	"configuration.validate.enable": "기본 제공 PHP 유효성 검사를 사용하거나 사용하지 않습니다.",
	"configuration.validate.executablePath": "PHP 실행 파일을 가리킵니다.",
	"configuration.validate.run": "저장 시 또는 입력 시 Linter의 실행 여부입니다.",
	"configuration.title": "PHP",
	"commands.categroy.php": "PHP",
	"command.untrustValidationExecutable": "PHP 유효성 검사 실행 파일을 허용하지 않음(작업\n 영역 설정으로 정의됨)",
	"displayName": "PHP 언어 기능",
	"description": "PHP 파일에 대해 IntelliSense, lint 및 언어 기본을 제공합니다."
}