{
	"configuration.suggest.basic": "Configura si se habilitan las sugerencias del lenguaje PHP integradas. La asistencia sugiere variables y opciones globales de PHP.",
	"configuration.validate.enable": "Habilita o deshabilita la validación integrada de PHP.",
	"configuration.validate.executablePath": "Señala al ejecutable PHP.",
	"configuration.validate.run": "Indica si linter se ejecuta al guardar o al escribir.",
	"configuration.title": "PHP",
	"commands.categroy.php": "PHP",
	"command.untrustValidationExecutable": "No permitir el ejecutable de validación de PHP (como configuración de área de trabajo)",
	"displayName": "Características del lenguaje PHP",
	"description": "Proporciona IntelliSense, linting y conceptos básicos del lenguaje para archivos de PHP."
}