{
	"configuration.suggest.basic": "如果已启用内置 PHP 语言建议，则进行配置。此支持建议 PHP 全局变量和变量。",
	"configuration.validate.enable": "启用/禁用内置的 PHP 验证。",
	"configuration.validate.executablePath": "指向 PHP 可执行文件。",
	"configuration.validate.run": "决定 linter 是在保存时还是输入时运行。",
	"configuration.title": "PHP",
	"commands.categroy.php": "PHP",
	"command.untrustValidationExecutable": "禁止 PHP 验证程序(定义为工作区设置)",
	"displayName": "PHP 语言功能",
	"description": "为 PHP 文件提供 IntelliSense、lint 和语言基础功能。"
}