{
	"displayName": "HTML 言語機能",
	"description": "HTML、Razor、Handlebar ファイルに豊富な言語サポートを提供。",
	"html.format.enable.desc": "既定の HTML フォーマッタを有効/無効にします",
	"html.format.wrapLineLength.desc": "1 行あたりの最大文字数 (0 = 無効にする)。",
	"html.format.unformatted.desc": "再フォーマットしてはならないタグの、コンマ区切りの一覧。'null' の場合、既定で https://www.w3.org/TR/html5/dom.html#phrasing-content にリストされているすべてのタグになります。",
	"html.format.contentUnformatted.desc": "コンテンツを再フォーマットしてはならないタグをコンマで区切ってリストにします。'null' は、既定値の 'pre' タグを表します。",
	"html.format.indentInnerHtml.desc": "<head> セクションと <body> セクションをインデントします。",
	"html.format.preserveNewLines.desc": "要素の前にある既存の改行を保持するかどうか。要素の前でのみ機能し、タグの内側やテキストに対しては機能しません。",
	"html.format.maxPreserveNewLines.desc": "1 つのチャンク内に保持できる改行の最大数。無制限にするには、'null' を使います。",
	"html.format.indentHandlebars.desc": "書式設定とインデント {{#foo}} および {{/foo}}。",
	"html.format.endWithNewline.desc": "末尾に改行を入れます。",
	"html.format.extraLiners.desc": "直前に改行を 1 つ入れるタグの、コンマで区切られたリストです。'null' は、既定値の \"head, body, /html\" を表します。",
	"html.format.wrapAttributes.desc": "属性を折り返します。",
	"html.format.wrapAttributes.auto": "行の長さが超過した場合のみ属性を折り返します。",
	"html.format.wrapAttributes.force": "先頭以外の各属性を折り返します。",
	"html.format.wrapAttributes.forcealign": "先頭以外の各属性を折り返して位置を合わせます。",
	"html.format.wrapAttributes.forcemultiline": "各属性を折り返します。",
	"html.suggest.angular1.desc": "ビルトイン HTML 言語サポートが Angular V1 のタグおよびプロパティを候補表示するかどうかを構成します。",
	"html.suggest.ionic.desc": "ビルトイン HTML 言語サポートが Ionic のタグ、プロパティ、および値を候補表示するかどうかを構成します。",
	"html.suggest.html5.desc": "ビルトイン HTML 言語サポートが HTML5 のタグ、プロパティ、および値を候補表示するかどうかを構成します。",
	"html.trace.server.desc": "VS Code と HTML 言語サーバー間の通信をトレースします。",
	"html.validate.scripts": "ビルトイン HTML 言語サポートが埋め込みスクリプトを検証するかどうかを構成します。",
	"html.validate.styles": "ビルトイン HTML 言語サポートが埋め込みスタイルを検証するかどうかを構成します。",
	"html.experimental.syntaxFolding": "構文の折りたたみマーカー認識を有効/無効にします。",
	"html.autoClosingTags": "HTML タグの自動クローズを有効/無効にします。"
}