{
	"displayName": "Características del lenguaje HTML",
	"description": "Proporciona un potente soporte del lenguaje para archivos HTML, Razor y Handlebar.",
	"html.format.enable.desc": "Habilitar o deshabilitar el formateador HTML predeterminado",
	"html.format.wrapLineLength.desc": "Cantidad máxima de caracteres por línea (0 = deshabilitar).",
	"html.format.unformatted.desc": "Lista de etiquetas, separadas por comas, a las que no se debe volver a aplicar formato. El valor predeterminado de \"null\" son todas las etiquetas mostradas en https://www.w3.org/TR/html5/dom.html#phrasing-content.",
	"html.format.contentUnformatted.desc": "Lista de etiquetas, separadas por comas, en las que el contenido no debe volver a formatearse. \"null\" se establece de manera predeterminada en la etiqueta \"pre\".",
	"html.format.indentInnerHtml.desc": "Aplicar sangría a las secciones <head> y <body>.",
	"html.format.preserveNewLines.desc": "Indica si los saltos de línea existentes delante de los elementos deben conservarse. Solo funciona delante de los elementos, no dentro de las etiquetas o con texto.",
	"html.format.maxPreserveNewLines.desc": "Número máximo de saltos de línea que deben conservarse en un fragmento. Use \"null\" para que el número sea ilimitado.",
	"html.format.indentHandlebars.desc": "Formato y sangría {{#foo}} y {{/foo}}.",
	"html.format.endWithNewline.desc": "Finalizar con una nueva línea.",
	"html.format.extraLiners.desc": "Lista de etiquetas, separadas por comas, que deben tener una nueva línea adicional delante. \"null\" tiene como valores predeterminados \"head, body, /html\".",
	"html.format.wrapAttributes.desc": "Ajustar atributos.",
	"html.format.wrapAttributes.auto": "Ajustar atributos solo cuando se supera la longitud de la línea.",
	"html.format.wrapAttributes.force": "Ajustar todos los atributos excepto el primero.",
	"html.format.wrapAttributes.forcealign": "Ajustar todos los atributos excepto el primero y mantener la alineación.",
	"html.format.wrapAttributes.forcemultiline": "Ajustar todos los atributos.",
	"html.suggest.angular1.desc": "Configura si la compatibilidad con el lenguaje HTML integrada sugiere etiquetas y propiedades de Angular V1.",
	"html.suggest.ionic.desc": "Configura si la compatibilidad con el lenguaje HTML integrada sugiere etiquetas, propiedades y valores de Ionic.",
	"html.suggest.html5.desc": "Configura si la compatibilidad con el lenguaje HTML integrada sugiere etiquetas, propiedades y valores de HTML5.",
	"html.trace.server.desc": "Hace un seguimiento de la comunicación entre VSCode y el servidor de lenguaje HTML.",
	"html.validate.scripts": "Configura si la compatibilidad con el lenguaje HTML incorporado valida los scripts insertados.",
	"html.validate.styles": "Configura si la compatibilidad con el lenguaje HTML incorporado valida los estilos insertados.",
	"html.experimental.syntaxFolding": "Habilita/deshabilita los marcadores de plegado sensibles a la sintaxis.",
	"html.autoClosingTags": "Habilita o deshabilita el cierre automático de las etiquetas HTML."
}