{
	"displayName": "TypeScript- und JavaScript-Sprachfeatures",
	"description": "Bietet umfangreiche Sprachunterstützung für JavaScript und TypeScript.",
	"typescript.reloadProjects.title": "Projekt erneut laden",
	"javascript.reloadProjects.title": "Projekt erneut laden",
	"configuration.typescript": "TypeScript",
	"typescript.useCodeSnippetsOnMethodSuggest.dec": "Vervollständigen Sie Funktionen mit deren Parametersignatur.",
	"typescript.tsdk.desc": "Gibt den Ordnerpfad mit den zu verwendenden tsserver- und lib*.d.ts-Dateien an.",
	"typescript.disableAutomaticTypeAcquisition": "Deaktiviert die automatische Typerfassung. Erfordert TypeScript >= 2.0.6.",
	"typescript.tsserver.log": "Aktiviert die Protokollierung des TS-Servers in eine Datei. Mithilfe der Protokolldatei lassen sich Probleme beim TS-Server diagnostizieren. Die Protokolldatei kann Dateipfade, Quellcode und weitere potenziell sensible Informationen aus Ihrem Projekt enthalten.",
	"typescript.tsserver.trace": "Aktiviert die Ablaufverfolgung von an den TS-Server gesendeten Nachrichten. Mithilfe der Ablaufverfolgung lassen sich Probleme beim TS-Server diagnostizieren. Die Ablaufverfolgung kann Dateipfade, Quellcode und weitere potenziell sensible Informationen aus Ihrem Projekt enthalten.",
	"typescript.validate.enable": "TypeScript-Überprüfung aktivieren/deaktivieren.",
	"typescript.format.enable": "Standardmäßigen TypeScript-Formatierer aktivieren/deaktivieren.",
	"javascript.format.enable": "Standardmäßigen JavaScript-Formatierer aktivieren/deaktivieren.",
	"format.insertSpaceAfterCommaDelimiter": "Definiert die Verarbeitung von Leerzeichen nach einem Kommatrennzeichen.",
	"format.insertSpaceAfterConstructor": "Definiert die Verarbeitung von Leerzeichen nach dem Konstruktor-Schlüsselwort. Erfordert TypeScript 2.3.0 oder höher.",
	"format.insertSpaceAfterSemicolonInForStatements": " Definiert die Verarbeitung von Leerzeichen nach einem Semikolon in einer for-Anweisung.",
	"format.insertSpaceBeforeAndAfterBinaryOperators": "Definiert die Verarbeitung von Leerzeichen nach einem binären Operator.",
	"format.insertSpaceAfterKeywordsInControlFlowStatements": "Definiert die Verarbeitung von Leerzeichen nach Schlüsselwörtern in einer Flusssteuerungsanweisung.",
	"format.insertSpaceAfterFunctionKeywordForAnonymousFunctions": "Definiert die Verarbeitung von Leerzeichen nach einem Funktionsschlüsselwort für anonyme Funktionen.",
	"format.insertSpaceBeforeFunctionParenthesis": "Definiert die Verarbeitung von Leerzeichen vor Funktionsargumentklammern. Erfordert TypeScript >= 2.1.5.",
	"format.insertSpaceAfterOpeningAndBeforeClosingNonemptyParenthesis": "Definiert die Verarbeitung von Leerzeichen nach öffnenden und vor schließenden nicht leeren runden Klammern.",
	"format.insertSpaceAfterOpeningAndBeforeClosingNonemptyBrackets": "Definiert die Verarbeitung von Leerzeichen nach öffnenden und vor schließenden nicht leeren eckigen Klammern.",
	"format.insertSpaceAfterOpeningAndBeforeClosingNonemptyBraces": "Definiert die Verarbeitung von Leerzeichen nach öffnenden und vor schließenden geschweiften Klammern. Erfordert TypeScript 2.3.0 oder höher.",
	"format.insertSpaceAfterOpeningAndBeforeClosingTemplateStringBraces": "Definiert die Verarbeitung von Leerzeichen nach öffnenden und vor schließenden geschweiften Klammern für Vorlagenzeichenfolgen. Erfordert TypeScript >= 2.0.6.",
	"format.insertSpaceAfterOpeningAndBeforeClosingJsxExpressionBraces": "Definiert die Verarbeitung von Leerzeichen nach öffnenden und vor schließenden geschweiften Klammern für JSX-Ausdrücke. Erfordert TypeScript >= 2.0.6.",
	"format.insertSpaceAfterTypeAssertion": "Definiert die Verarbeitung von Leerzeichen nach Typassertionen in TypeScript. Erfordert TypeScript >= 2.4.",
	"format.placeOpenBraceOnNewLineForFunctions": "Definiert, ob eine öffnende geschweifte Klammer für Funktionen in eine neue Zeile eingefügt wird.",
	"format.placeOpenBraceOnNewLineForControlBlocks": "Definiert, ob eine öffnende geschweifte Klammer für Kontrollblöcke in eine neue Zeile eingefügt wird.",
	"javascript.validate.enable": "JavaScript-Überprüfung aktivieren/deaktivieren.",
	"typescript.goToProjectConfig.title": "Zur Projektkonfiguration wechseln",
	"javascript.goToProjectConfig.title": "Zur Projektkonfiguration wechseln",
	"javascript.referencesCodeLens.enabled": "Aktiviert oder deaktiviert CodeLens-Verweise in JavaScript Dateien. Erfordert TypeScript 2.0.6 oder höher.",
	"typescript.referencesCodeLens.enabled": "Aktiviert oder deaktiviert CodeLens-Verweise in TypeScript Dateien. Erfordert TypeScript 2.0.6 oder höher.",
	"typescript.implementationsCodeLens.enabled": "Aktiviert oder deaktiviert CodeLens-Implementierungen. Erfordert TypeScript 2.2.0 oder höher.",
	"typescript.openTsServerLog.title": "TS Server-Protokolldatei öffnen",
	"typescript.restartTsServer": "TS Server neu starten",
	"typescript.selectTypeScriptVersion.title": "TypeScript-Version wählen",
	"typescript.reportStyleChecksAsWarnings": "Formatvorlagenprüfungen als Warnungen melden",
	"jsDocCompletion.enabled": "Automatische JSDoc-Kommentare aktivieren/deaktivieren",
	"javascript.implicitProjectConfig.checkJs": "Aktiviert/deaktiviert die Semantikprüfung bei JavaScript-Dateien. Diese Einstellung wird von vorhandenen \"jsconfig.json\"- oder \"tsconfig.json\"-Dateien außer Kraft gesetzt. Erfordert TypeScript 2.3.1 oder höher.",
	"typescript.npm": "Gibt den Pfad zur ausführbaren NPM-Datei an, die für die automatische Typerfassung verwendet wird. Hierfür ist TypeScript 2.3.4 oder höher erforderlich.",
	"typescript.check.npmIsInstalled": "Überprüfen Sie, ob NPM für die automatische Typerfassung installiert ist.",
	"javascript.nameSuggestions": "Das Einbeziehen eindeutiger Namen von der Datei in der JavaScript-Vorschlagsliste aktivieren/deaktivieren.",
	"typescript.tsc.autoDetect": "Steuert die automatische Erkennung von TSC-Aufgaben. \"Aus\" deaktiviert diese Funktion. \"Build\" erstellt nur Kompilierungsaufgaben mit einer Ausführung. \"Überwachen\" erstellt nur Kompilierungs- und Überwachungsaufgaben. \"Ein\" erstellt sowohl Build- als auch Überwachungsaufgaben. Der Standardwert ist \"Ein\".",
	"typescript.problemMatchers.tsc.label": "TypeScript-Probleme",
	"typescript.problemMatchers.tscWatch.label": "TypeScript-Probleme (Überwachungsmodus)",
	"typescript.quickSuggestionsForPaths": "Aktiviert oder deaktiviert Schnellvorschläge, wenn Sie einen Importpfad ausschreiben.",
	"typescript.locale": "Legt das zum Melden von TypeScript-Fehlern verwendete Gebietsschema fest. Erfordert TypeScript 2.6.0 oder höher. Der Standardwert \"null\" verwendet für TypeScript-Fehler das Gebietsschema von VS Code.",
	"javascript.implicitProjectConfig.experimentalDecorators": "Aktiviert oder deaktiviert \"experimentalDecorators\" für JavaScript-Dateien, die nicht Teil eines Projekts sind. Vorhandene jsconfig.json- oder tsconfig.json-Dateien setzen diese Einstellung außer Kraft. Erfordert TypeScript 2.3.1 oder höher.",
	"typescript.autoImportSuggestions.enabled": "Aktiviert oder deaktiviert Vorschläge für den automatischen Import. Erfordert TypeScript 2.6.1 oder höher.",
	"typescript.experimental.syntaxFolding": "Aktiviert bzw. deaktiviert die syntaxabhängigen Faltungsmarkierungen.",
	"taskDefinition.tsconfig.description": "Die \"tsconfig\"-Datei, die den TS-Build definiert."
}