{
	"displayName": "Fonctionnalités de langage Markdown",
	"description": "Fournit une prise en charge riche de langage pour Markdown",
	"markdown.preview.breaks.desc": "Définit l'affichage des sauts de ligne dans l'aperçu Markdown. Si la valeur est 'true', crée un <br> pour chaque nouvelle ligne.",
	"markdown.preview.linkify": "Activez ou désactivez la conversion de texte de type URL en liens dans l’aperçu Markdown.",
	"markdown.preview.doubleClickToSwitchToEditor.desc": "Double-cliquez dans l'aperçu Markdown pour passer à l'éditeur.",
	"markdown.preview.fontFamily.desc": "Contrôle la famille de polices utilisée dans l'aperçu Markdown.",
	"markdown.preview.fontSize.desc": "Contrôle la taille de police en pixels utilisée dans l'aperçu Markdown.",
	"markdown.preview.lineHeight.desc": "Contrôle la hauteur de ligne utilisée dans l'aperçu Markdown. Ce nombre est relatif à la taille de police.",
	"markdown.preview.markEditorSelection.desc": "Permet de marquer la sélection actuelle de l'éditeur dans l'aperçu Markdown.",
	"markdown.preview.scrollEditorWithPreview.desc": "Lors du défilement de l'aperçu markdown, actualiser l’affichage de l’éditeur.",
	"markdown.preview.scrollPreviewWithEditor.desc": "Lors du défilement d’un éditeur markdow, actualiser l’affichage de l’aperçu.",
	"markdown.preview.scrollPreviewWithEditorSelection.desc": "[Déprécié] Fait défiler l'aperçu Markdown pour révéler la ligne actuellement sélectionnée dans l'éditeur.",
	"markdown.preview.scrollPreviewWithEditorSelection.deprecationMessage": "Ce paramètre a été remplacé par 'markdown.preview.scrollPreviewWithEditor' et n'a plus aucun effet.",
	"markdown.preview.title": "Ouvrir l'aperçu",
	"markdown.previewFrontMatter.dec": "Définit comment les pages liminaires YAML doivent être affichées dans l'aperçu Markdown. L'option 'hide' supprime les pages liminaires. Sinon, elles sont traitées comme du contenu Markdown.",
	"markdown.previewSide.title": "Ouvrir l'aperçu sur le côté",
	"markdown.showLockedPreviewToSide.title": "Ouvrir l'aperçu verrrouillé sur le côté",
	"markdown.showSource.title": "Afficher la source",
	"markdown.styles.dec": "Liste d'URL ou de chemins locaux de feuilles de style CSS à utiliser dans l'aperçu Markdown. Les chemins relatifs sont interprétés par rapport au dossier ouvert dans l'explorateur. S'il n'y a aucun dossier ouvert, ils sont interprétés par rapport à l'emplacement du fichier Markdown. Tous les signes '\\' doivent être écrits sous la forme '\\\\'.",
	"markdown.showPreviewSecuritySelector.title": "Changer les paramètres de sécurité de l'aperçu",
	"markdown.trace.desc": "Active la journalisation du débogage pour l'extension Markdown.",
	"markdown.preview.refresh.title": "Actualiser l'aperçu",
	"markdown.preview.toggleLock.title": "Activer/désactiver le verrouillage de l'aperçu"
}