{
	"displayName": "Funzionalità del linguaggio Markdown",
	"description": "Fornisce un supporto avanzato del linguaggio per Markdown.",
	"markdown.preview.breaks.desc": "Imposta come le interruzioni di riga vengono visualizzate nell'anteprima di markdown. Impostarlo a 'true' crea un <br>per ogni carattere di nuova riga.",
	"markdown.preview.linkify": "Abilita o disabilita la conversione di testo simile a URL in collegamenti nell'anteprima markdown.",
	"markdown.preview.doubleClickToSwitchToEditor.desc": "Fare doppio clic nell'anteprima markdown per passare all'editor.",
	"markdown.preview.fontFamily.desc": "Consente di controllare la famiglia di caratteri usata nell'anteprima markdown.",
	"markdown.preview.fontSize.desc": "Consente di controllare le dimensioni del carattere in pixel usate nell'anteprima markdown.",
	"markdown.preview.lineHeight.desc": "Consente di controllare l'altezza della riga usata nell'anteprima markdown. Questo numero è relativo alle dimensioni del carattere.",
	"markdown.preview.markEditorSelection.desc": "Contrassegna la selezione dell'editor corrente nell'anteprima markdown.",
	"markdown.preview.scrollEditorWithPreview.desc": "Quando si scorre un anteprima di markdown, aggiornare la visualizzazione dell'editor.",
	"markdown.preview.scrollPreviewWithEditor.desc": "Quando si scorre un editor di markdown, aggiornare la visualizzazione dell'anteprima.",
	"markdown.preview.scrollPreviewWithEditorSelection.desc": "[Deprecato] Scorre l'anteprima markdown in modo da visualizzare la riga attualmente selezionata dall'editor.",
	"markdown.preview.scrollPreviewWithEditorSelection.deprecationMessage": "Questa impostazione è stata sostituita da 'markdown.preview.scrollPreviewWithEditor' e non ha più effetto.",
	"markdown.preview.title": "Apri anteprima",
	"markdown.previewFrontMatter.dec": "Consente di impostare il rendering del front matter YAML nell'anteprima markdown. Con 'hide' il front matter viene rimosso; altrimenti il front matter viene considerato come contenuto markdown.",
	"markdown.previewSide.title": "Apri anteprima lateralmente",
	"markdown.showLockedPreviewToSide.title": "Apri anteprima bloccata lateralmente",
	"markdown.showSource.title": "Mostra origine",
	"markdown.styles.dec": "Elenco di URL o percorsi locali dei fogli di stile CSS da usare dall'anteprima markdown. I percorsi relativi vengono interpretati come relativi alla cartella aperta nella finestra di esplorazione. Se non è presente alcuna cartella aperta, vengono interpretati come relativi al percorso del file markdown. Tutti i caratteri '\\' devono essere scritti come '\\\\'.",
	"markdown.showPreviewSecuritySelector.title": "Modifica impostazioni di sicurezza anteprima",
	"markdown.trace.desc": "Abilitare la registrazione debug per l'estensione markdown.",
	"markdown.preview.refresh.title": "Aggiorna anteprima",
	"markdown.preview.toggleLock.title": "Attiva/Disattiva blocco anteprima"
}