{
	"displayName": "Markdown-Sprachfeatures",
	"description": "Bietet umfangreiche Sprachunterstützung für Markdown.",
	"markdown.preview.breaks.desc": "Legt fest, wie Zeilenumbrüche in der Markdown-Vorschau gerendert werden. Die Einstellung 'true' erzeugt ein <br> für jede neue Zeile.",
	"markdown.preview.linkify": "Aktiviert oder deaktiviert die Konvertierung von URL-ähnlichem Text in Links in der Markdown-Vorschau.",
	"markdown.preview.doubleClickToSwitchToEditor.desc": "Doppelklicken Sie in die Markdown-Vorschau, um zum Editor zu wechseln.",
	"markdown.preview.fontFamily.desc": "Steuert die Schriftfamilie, die in der Markdownvorschau verwendet wird.",
	"markdown.preview.fontSize.desc": "Steuert den Schriftgrad in Pixeln, der in der Markdownvorschau verwendet wird.",
	"markdown.preview.lineHeight.desc": "Steuert die Zeilenhöhe, die in der Markdownvorschau verwendet wird. Diese Zahl ist relativ zum Schriftgrad.",
	"markdown.preview.markEditorSelection.desc": "Markieren Sie die aktuelle Editor-Auswahl in der Markdown-Vorschau.",
	"markdown.preview.scrollEditorWithPreview.desc": "Wenn eine Markdown-Vorschau gescrollt wird, aktualisieren Sie die Ansicht des Editors.",
	"markdown.preview.scrollPreviewWithEditor.desc": "Wenn für die Markdown-Vorschau ein Bildlauf durchgeführt wird, aktualisieren Sie die Ansicht der Vorschau.",
	"markdown.preview.scrollPreviewWithEditorSelection.desc": "[Veraltet] Führt einen Bildlauf für die Markdown-Vorschau durch, um die aktuell ausgewählte Zeile im Editor anzuzeigen.",
	"markdown.preview.scrollPreviewWithEditorSelection.deprecationMessage": "Diese Einstellung wurde durch \"markdown.preview.scrollPreviewWithEditor\" ersetzt und ist nicht mehr wirksam.",
	"markdown.preview.title": "Vorschau öffnen",
	"markdown.previewFrontMatter.dec": "Legt fest, wie die YAML-Titelei in der Markdownvorschau gerendert werden soll. Durch \"hide\" wird die Titelei entfernt. Andernfalls wird die Titelei wie Markdowninhalt verarbeitet.",
	"markdown.previewSide.title": "Vorschau an der Seite öffnen",
	"markdown.showLockedPreviewToSide.title": "Gesperrte Vorschau an der Seite öffnen",
	"markdown.showSource.title": "Quelle anzeigen",
	"markdown.styles.dec": "Eine Liste von URLs oder lokalen Pfaden zu CSS-Stylesheets aus der Markdownvorschau, die verwendet werden sollen. Relative Pfade werden relativ zu dem Ordner interpretiert, der im Explorer geöffnet ist. Wenn kein Ordner geöffnet ist, werden sie relativ zum Speicherort der Markdowndatei interpretiert. Alle '\\' müssen als '\\\\' geschrieben werden.",
	"markdown.showPreviewSecuritySelector.title": "Sicherheitseinstellungen für Vorschau ändern",
	"markdown.trace.desc": "Aktiviert die Debugprotokollierung für die Markdown-Erweiterung.",
	"markdown.preview.refresh.title": "Vorschau aktualisieren",
	"markdown.preview.toggleLock.title": "Vorschausperre umschalten"
}