{
	"displayName": "Características del lenguaje Markdown",
	"description": "Proporciona un potente soporte de lenguaje para archivos Markdown.",
	"markdown.preview.breaks.desc": "Establece cómo los saltos de línea son representados en la vista previa de markdown. Estableciendolo en 'true' crea un <br> para cada nueva línea.",
	"markdown.preview.linkify": "Habilitar o deshabilitar la conversión de texto de tipo URL a enlaces en la vista previa de markdown.",
	"markdown.preview.doubleClickToSwitchToEditor.desc": "Haga doble clic en la vista previa de Markdown para cambiar al editor.",
	"markdown.preview.fontFamily.desc": "Controla la familia de la fuente utilizada en la previsualización del descuento.",
	"markdown.preview.fontSize.desc": "Controla el tamaño de la fuente en píxeles utilizado en la previsualización del descuento.",
	"markdown.preview.lineHeight.desc": "Controla la altura de línea utilizada en la previsualización del descuento. Este número es relativo al tamaño de la fuente.",
	"markdown.preview.markEditorSelection.desc": "Marca la selección del editor actual en la vista previa de Markdown.",
	"markdown.preview.scrollEditorWithPreview.desc": "Al desplazarse en la vista previa de Markdown, se actualiza la vista del editor.",
	"markdown.preview.scrollPreviewWithEditor.desc": "Al desplazarse en el editor de Markdown, se actualiza la vista de la previsualización .",
	"markdown.preview.scrollPreviewWithEditorSelection.desc": "[Desestimado] Desplaza la vista previa de Markdown para revelar la línea del editor seleccionada actualmente.",
	"markdown.preview.scrollPreviewWithEditorSelection.deprecationMessage": "Este valor se ha reemplazado por \"markdown.preview.scrollPreviewWithEditor\" y ya no tiene ningún efecto.",
	"markdown.preview.title": "Abrir vista previa",
	"markdown.previewFrontMatter.dec": "Establece cómo se debe representar el asunto de la parte delantera de YAML en la vista previa del descuento. 'hide' quita el asunto de la parte delantera. De lo contrario, el asunto de la parte delantera se trata como contenido del descuento.",
	"markdown.previewSide.title": "Abrir vista previa en el lateral",
	"markdown.showLockedPreviewToSide.title": "Abrir vista previa fija en el lateral",
	"markdown.showSource.title": "Mostrar origen",
	"markdown.styles.dec": "Una lista de direcciones URL o rutas de acceso locales a hojas de estilo CSS que utilizar desde la vista previa del descuento. Las tutas de acceso relativas se interpretan en relación con la carpeta abierta en el explorador. Si no hay ninguna carpeta abierta, se interpretan en relación con la ubicación del archivo del descuento. Todos los '\\' deben escribirse como '\\\\'.",
	"markdown.showPreviewSecuritySelector.title": "Cambiar configuración de seguridad de vista previa",
	"markdown.trace.desc": "Habilitar registro de depuración para las extensiones de Markdown. ",
	"markdown.preview.refresh.title": "Actualizar vista previa",
	"markdown.preview.toggleLock.title": "Cambiar fijación de la vista previa "
}